{
  "/spidprotocol-docs/markdown-page-0ae": {
    "__comp": "1f391b9e",
    "__context": {
      "plugin": "a7456010"
    },
    "content": "393be207"
  },
  "/spidprotocol-docs/docs-519": {
    "__comp": "5e95c892",
    "__context": {
      "plugin": "aba21aa0"
    }
  },
  "/spidprotocol-docs/docs-452": {
    "__comp": "a7bd4aaa",
    "__props": "94f811f8"
  },
  "/spidprotocol-docs/docs-973": {
    "__comp": "a94703ab"
  },
  "/spidprotocol-docs/docs/category/tutorial---basics-dfb": {
    "__comp": "14eb3368",
    "__props": "32412706"
  },
  "/spidprotocol-docs/docs/category/tutorial---extras-4e9": {
    "__comp": "14eb3368",
    "__props": "c23689a6"
  },
  "/spidprotocol-docs/docs/intro-083": {
    "__comp": "17896441",
    "content": "0e384e19"
  },
  "/spidprotocol-docs/docs/tutorial-basics/congratulations-616": {
    "__comp": "17896441",
    "content": "822bd8ab"
  },
  "/spidprotocol-docs/docs/tutorial-basics/create-a-blog-post-e28": {
    "__comp": "17896441",
    "content": "533a09ca"
  },
  "/spidprotocol-docs/docs/tutorial-basics/create-a-document-7e3": {
    "__comp": "17896441",
    "content": "1e4232ab"
  },
  "/spidprotocol-docs/docs/tutorial-basics/create-a-page-0bf": {
    "__comp": "17896441",
    "content": "5c868d36"
  },
  "/spidprotocol-docs/docs/tutorial-basics/deploy-your-site-154": {
    "__comp": "17896441",
    "content": "f55d3e7a"
  },
  "/spidprotocol-docs/docs/tutorial-basics/markdown-features-2a9": {
    "__comp": "17896441",
    "content": "18c41134"
  },
  "/spidprotocol-docs/docs/tutorial-extras/manage-docs-versions-5d0": {
    "__comp": "17896441",
    "content": "dff1c289"
  },
  "/spidprotocol-docs/docs/tutorial-extras/translate-your-site-80d": {
    "__comp": "17896441",
    "content": "e44a2883"
  },
  "/spidprotocol-docs/-33d": {
    "__comp": "c4f5d8e4",
    "__context": {
      "plugin": "a7456010"
    },
    "config": "5e9f5e1a"
  }
}