{
  "id": "tutorial-basics/congratulations",
  "title": "Congratulations!",
  "description": "You have just learned the basics of Docusaurus and made some changes to the initial template.",
  "source": "@site/docs/tutorial-basics/congratulations.md",
  "sourceDirName": "tutorial-basics",
  "slug": "/tutorial-basics/congratulations",
  "permalink": "/spidprotocol-docs/docs/tutorial-basics/congratulations",
  "draft": false,
  "unlisted": false,
  "tags": [],
  "version": "current",
  "sidebarPosition": 6,
  "frontMatter": {
    "sidebar_position": 6
  },
  "sidebar": "tutorialSidebar",
  "previous": {
    "title": "Deploy your site",
    "permalink": "/spidprotocol-docs/docs/tutorial-basics/deploy-your-site"
  },
  "next": {
    "title": "Tutorial - Extras",
    "permalink": "/spidprotocol-docs/docs/category/tutorial---extras"
  }
}