{
  "id": "tutorial-extras/manage-docs-versions",
  "title": "Manage Docs Versions",
  "description": "Docusaurus can manage multiple versions of your docs.",
  "source": "@site/docs/tutorial-extras/manage-docs-versions.md",
  "sourceDirName": "tutorial-extras",
  "slug": "/tutorial-extras/manage-docs-versions",
  "permalink": "/spidprotocol-docs/docs/tutorial-extras/manage-docs-versions",
  "draft": false,
  "unlisted": false,
  "tags": [],
  "version": "current",
  "sidebarPosition": 1,
  "frontMatter": {
    "sidebar_position": 1
  },
  "sidebar": "tutorialSidebar",
  "previous": {
    "title": "Tutorial - Extras",
    "permalink": "/spidprotocol-docs/docs/category/tutorial---extras"
  },
  "next": {
    "title": "Translate your site",
    "permalink": "/spidprotocol-docs/docs/tutorial-extras/translate-your-site"
  }
}